KS,AD,pKS,pAD
0.26752928833712186,2.252431797396616,0.03347886683893483,0.0394
0.17656058751529988,0.580604031594508,0.32696854925134533,0.1989
0.1420702920090925,-0.3622788227352922,0.5941358319412601,0.5426
0.1971935653086204,0.4308436322531279,0.21234471076635952,0.221
0.24554117852771465,2.3019753301375965,0.06337048053231967,0.0353
0.11855219443958734,-0.955964601629286,0.7975705905635031,0.9606
0.22648190243049485,0.5946711908724746,0.10550374823104569,0.1889
0.24785801713586292,1.370708626279725,0.05945120322581233,0.089
0.13341493268053856,-0.4696773788829296,0.6703737358971238,0.5984
0.13337121874453575,-0.8849855199608745,0.6708468426875774,0.916
0.1837296730197587,-0.29764890046689274,0.283147452411759,0.5014
0.09420353208602902,-0.4683144578758287,0.9506293885023547,0.6057
0.19566357754852248,1.6158191653096903,0.21955266775466428,0.0687
0.1361689106487148,-0.42995540984168173,0.6461909370548744,0.58
0.24484175555166987,0.1624962853798637,0.06470084220288196,0.302
0.23238328379087253,1.6115902946931837,0.09053588297141839,0.0693
0.1798828466515125,0.08344459996396539,0.3060116248140201,0.3234
0.15881272949816402,-0.45485492162347924,0.4543399287802843,0.6058
0.19190417905228188,0.5358404032984994,0.23823491678934222,0.2034
0.10355831439062774,-0.8218184255083313,0.9039573575340268,0.8679
0.20121524742087776,0.419807098719129,0.19408983184261874,0.2277
0.13542577373666725,-0.4003755810580627,0.6527598592149133,0.5639
0.14172058052107012,-0.4247504760602922,0.5973693134593528,0.5839
0.11776534359153698,-0.6454665284806435,0.8039267708337483,0.7403
0.20191467039692254,0.4235918364639759,0.190851687661582,0.2307
0.11606050008742787,-0.6534612604599989,0.8173663345322832,0.7469
0.2174768316139185,1.3958233144224281,0.1321892296812095,0.0849
0.09931806259835635,-0.9896722082377958,0.92698423189894,0.9704
0.11413708690330478,-0.613021620134482,0.832057951293444,0.7256
0.20912746983738414,0.6252945943239254,0.1615736120771361,0.1927
0.11155796467913971,-0.9843496504110938,0.850905242873817,0.9655
0.1723203357230285,1.1241681011136744,0.35498516285481363,0.1085
0.16615667074663404,-0.10072797822328237,0.3985992615279904,0.3938
0.20331351634901207,0.8126815593197502,0.18499260107153345,0.1535
0.11592935827941948,-0.03812871143470585,0.8183128187184107,0.3794
0.15645217695401295,-0.16967666307705506,0.47287846789306215,0.4378
0.1536981989858367,-0.03776461540211466,0.4955023580069466,0.369
0.14478055604126597,-0.6011906630656787,0.5707268887978265,0.7045
0.14403741912921839,-0.7133504967095837,0.577031812488865,0.7865
0.1310980940723903,-0.5853813691733922,0.690829598090071,0.6973
0.12471585941598182,-0.5496086367538173,0.7462291842385808,0.661
0.1456985486973247,-0.4995207018199932,0.5627537010067122,0.6292
0.16917293233082706,0.15367435608968577,0.3769808645349883,0.2981
0.23002273124672146,2.147083472327799,0.09630654866044328,0.046
0.1723203357230285,0.3321514819370373,0.35498516285481363,0.2499
0.33240076936527363,4.365717175161726,0.003622008378658897,0.0057
0.10688057352684036,-0.6484190997908401,0.8830915169822883,0.7435
0.14727225039342542,-0.23929964812338672,0.5491680657692751,0.4723
0.1703969225389054,0.9520803231777761,0.3684041001597136,0.1332
0.1366060500087428,0.07971823919531006,0.6423972921226465,0.3297
0.10766742437489071,-0.8551693238326876,0.8779728152538842,0.8982
0.15273649239377513,0.040387056929507996,0.5032493541265759,0.3327
0.2122311592935828,1.8058172700925887,0.15016922456678025,0.0563
0.17341318412309845,0.2484626070997673,0.3476118848418331,0.2805
0.11955761496765169,-0.8473371574072602,0.7894398250368204,0.889
0.13153523343241824,-0.6023352325597886,0.6870849617331906,0.7017
0.14027802063297778,0.19182796059288176,0.610027512679689,0.2895
0.23950865535932855,1.488491486521662,0.07485960982284155,0.0741
0.11470536807134114,-0.17851698871174002,0.8277504933589334,0.4441
0.19221017660430145,0.5396120202093945,0.23673568521945557,0.1996
0.12760097919216645,-0.05377652596725322,0.7214660409682819,0.3918
0.20790347962930583,-0.21474145466340472,0.16628612556814995,0.4516
0.19618814478055605,-0.2459126366862223,0.2171554031375156,0.4669
0.14871481028151776,-0.18815306856348152,0.536874264557302,0.4358
0.23168386081482778,0.5021725115513235,0.09223231052463686,0.2061
0.185609372267879,1.906743341449732,0.2722718876333533,0.0539
0.21380486098968352,0.49483969537532707,0.14453627895336302,0.2087
0.15382934079384508,-0.8223245100317068,0.4941659749791233,0.8748
0.08406189893337997,-0.8334472322786958,0.9819467547202796,0.8779
0.1741126070991432,0.31590882909568957,0.3429797629406467,0.2508
0.13769889840881272,-0.5851237147805782,0.6325860394525056,0.6893
0.20899632802937576,-0.01710066728171904,0.16213381257247186,0.3638
0.19767441860465115,1.8543139604912602,0.21004256921370992,0.0533
0.10994054904703619,-0.5286188911505831,0.8626566167785036,0.6479
0.12073789123972722,-0.6842594492762998,0.7798301135414794,0.7664
0.14224514775310368,0.3830155074811109,0.5928693888915758,0.2382
0.1932155971323658,0.14945367053736827,0.23161118546539963,0.3062
0.34551495016611294,4.563061809340027,0.0021667777982709345,0.005
0.17140234306696975,-0.42644229985448123,0.3613132224555788,0.5773
0.15505333100192342,-0.6324866994830118,0.4841797654986381,0.7258
0.19033047735618114,0.5979768968592201,0.24649783296633532,0.1878
0.20112781954887218,1.416100927968281,0.19437494433704686,0.0816
0.15439762196188145,-0.2665945427081327,0.4895191665296497,0.4816
0.10242175205455499,-0.9592128925932274,0.910466240948878,0.96
0.29179052281867457,4.915392751795127,0.015474842483644608,0.0036
0.359328553942997,5.006103617217608,0.0012344527760002218,0.0053
0.17284490295506208,-0.27003566588499384,0.35162515698573527,0.4804
0.13695576149676517,0.22282683976349718,0.6390973008250411,0.2803
0.1459608323133415,0.3961158402413736,0.5605084039049121,0.2264
0.2728623885294632,2.035468158607228,0.028420575119226982,0.0451
0.22582619339045287,0.6666604942017926,0.10726602283023254,0.1721
0.17651687357929707,-0.5919459473731503,0.3274046435774073,0.6894
0.2027889491169785,0.6922764597247848,0.18717029688162198,0.1737
0.10285889141458297,-0.8103259920143201,0.9077743098008487,0.8594
0.2122748732295856,1.2238516452869088,0.1498793369183067,0.0994
0.1153610771113831,-0.6551498874593042,0.8227149070715392,0.7572
0.12274873229585592,-0.7329355353326384,0.7629452438872638,0.8082
0.17538031124322434,-0.018304426169593477,0.334771532276301,0.373
0.13516349012065046,-0.4787989083788423,0.6551263540348546,0.6172
0.10333974471061375,-1.016812630140436,0.9051635876678307,0.9802
0.16392726001049135,0.3088734377528769,0.4150606725514312,0.2485
0.11050883021507256,-0.7055992809994267,0.8585643258633882,0.7834
0.11234481552719007,-0.652378031758216,0.8455187848770712,0.7422
0.15352334324182548,-0.40027607511117796,0.49681860769739955,0.5648
0.1454362650813079,-0.38422815767495744,0.5649608354243213,0.5566
0.14504283965728273,-0.2455647073068307,0.5683302828647316,0.4816
0.16003671970624234,-0.34322367043177865,0.4447664935064,0.5154
0.15094422101766042,-0.18625685921448185,0.518103438420989,0.4398
0.12318587165588389,-0.4775069128083995,0.7593782868981117,0.6129
0.11697849274348662,-0.5919364975247733,0.8103502347024857,0.6864
0.1457422626333275,0.11448350848914701,0.5622502161202813,0.3157
0.11868333624759574,-0.7566438241672749,0.7964408779226901,0.827
0.24881972372792446,0.5330581936478633,0.057891870659875166,0.2
0.11221367371918167,-0.9318916563827253,0.8464359099382276,0.9437
0.12340444133589788,-0.4112190344165077,0.757497208276076,0.5664
0.1609109984262983,0.2769289753466229,0.4379355596158587,0.2687
0.24781430319986011,0.3399042248766743,0.05954493327957727,0.2464
0.20720405665326105,0.5813560337128106,0.169110133044723,0.186
0.11702220667948943,-0.9365070496518159,0.8099339712910422,0.9469
0.15107536282566883,0.3959210255922882,0.5171151093790108,0.2244
0.11855219443958734,-0.2730434395955383,0.7975705905635031,0.4938
0.14089001573701695,-0.41673512399639295,0.6045760481564953,0.5773
0.11120825319111732,-0.7145217198314826,0.8536505011262919,0.7842
0.1744186046511628,0.16815030133130474,0.34096118228741096,0.2853
0.12078160517573003,-0.7969283926318358,0.7793905040463223,0.8612
0.1589438713061724,-0.3384286547607313,0.45310542286845457,0.5335
0.14504283965728273,-0.6358575032647339,0.5683302828647316,0.728
0.23627382409512152,1.502798325527644,0.08168220959860326,0.0743
0.21236230110159118,0.24921204923530688,0.14963608108720264,0.2761
0.24326805385556916,1.9752851923935928,0.06757217194421748,0.0497
0.15352334324182548,-0.40964044112103004,0.49681860769739955,0.5749
0.18110683685959084,1.5784662201612831,0.2985472791846999,0.0718
0.07929707990907502,-0.9181324688738487,0.9901959665342958,0.9358
0.18429795418779507,0.0201473068495197,0.27990260709140774,0.3506
0.18862563385207204,-0.08992242173749646,0.2556578499523382,0.3938
0.08786501136562336,-0.9547803979423258,0.9725573670322134,0.9578
0.20230809582094772,1.8650236277659156,0.18932132317566175,0.0544
0.132890365448505,-0.6417414407962835,0.6753306090388491,0.7273
0.11518622136737192,-0.8189356798137,0.8239239591462404,0.8713
0.22761846476656758,1.9620108224589203,0.10238576299730313,0.0479
0.22713761147053682,1.1902165083890093,0.10377091328650002,0.1059
0.13927260010491344,-0.6420115433538186,0.6188703520890966,0.7339
0.121000174855744,-0.9474882576858369,0.7775746262905853,0.9537
0.17747858017135862,1.2128828628452135,0.3209684260559428,0.1042
0.28724427347438364,1.9085140852004465,0.017963106867120614,0.0524
0.2160342717258262,1.7933303156614133,0.13693438621198945,0.0586
0.18399195663577547,0.09485862541374204,0.28155451244957513,0.3186
0.13691204756076236,-0.6589386079347057,0.6395929992011335,0.7457
0.13568805735268405,-0.6941216430082033,0.6504068235485851,0.7765
0.17656058751529988,0.6256327110646578,0.32696854925134533,0.183
0.21367371918167513,0.42562770582713244,0.14505548040678276,0.2261
0.19221017660430145,0.3022537924111011,0.23673568521945557,0.2554
0.2701084105612869,2.356392335033592,0.030930828376164485,0.0325
0.22136737191816752,1.1704080073976915,0.12005107888096464,0.1086
0.10001748557440111,-0.8797814333070487,0.9235880952228785,0.9143
0.174156321035146,-0.5522124211836984,0.342833024352923,0.6699
0.14727225039342542,-0.06332591092419546,0.5491680657692751,0.3836
0.16073614268228711,-0.15386514111642666,0.43920417750550733,0.4188
0.1423325756251093,-0.11954889195854175,0.5920036273678497,0.4048
0.1379174680888267,-0.553552936532326,0.630669100461428,0.6721
0.18486623535583144,0.1783679939339607,0.2765028747859413,0.294
0.18709564609197413,0.2798832413537859,0.26391288908663413,0.2683
0.2685347088651862,1.050595201372541,0.032476114386808023,0.1183
0.12926210876027278,-0.511023895507774,0.7071100174376038,0.632
0.19186046511627908,-0.40300291150459566,0.23860468563711232,0.5721
0.18840706417205805,0.48789454835920315,0.2568213851370116,0.2159
0.2619776184647666,1.6121455548593686,0.0395625170845082,0.0649
0.10377688407064171,-0.9086187992390101,0.9025749469317471,0.9308
0.17153348487497813,-0.709570895125846,0.36035971343478373,0.7914
0.12143731421577199,-0.6169946368241356,0.7740132664641524,0.7254
0.14932680538555693,-0.12389440948269881,0.5316271884056412,0.4105
0.20764119601328904,0.45703179204232935,0.16732364540680653,0.2095
0.2061986361251967,0.42932636151927206,0.1730992559044212,0.2308
0.18998076586815876,-0.3401160338535068,0.24842654335451148,0.5209
0.10845427522294107,-0.29838115763803547,0.8729741857441204,0.4964
0.10508830215072565,-0.5743559392663623,0.8945471180349559,0.685
0.10858541703094947,-0.6445682512398838,0.8719373796614424,0.7348
0.19054904703619513,-0.14933202188838948,0.24532090332118378,0.4147
0.18456023780381187,-0.04151857803285424,0.27819601335085636,0.3777
0.10395173981465292,-0.7518910417708358,0.9014233468596357,0.8221
0.2597482077286239,1.615381824365344,0.042264329020700674,0.0695
0.13275922364049658,-0.6898388126498621,0.6763049416158783,0.7711
0.2194876726700472,0.10282932618466993,0.12577425842171347,0.3123
0.15846301801014162,-0.2966040816155095,0.4570247610718488,0.4955
0.10312117503059975,-0.7238752995035906,0.9063338134470944,0.7973
0.13114180800839306,-0.5193146384620924,0.6903339909503898,0.6464
0.14604826018534708,-0.0438998728094404,0.5596646634257985,0.3846
0.08668473509354782,-0.9670428958927215,0.9757409692895237,0.9652
0.1454362650813079,-0.24967677668680047,0.5649608354243213,0.4709
0.16759923063472634,-0.25196805840420095,0.388128508517451,0.4786
0.1535670571778283,-0.06760536450955307,0.49645347815739654,0.3866
0.1929095995803462,0.7441462380876402,0.23314632656648238,0.1612
0.11859590837559014,-0.42948550041075506,0.797147228989414,0.5783
0.1021157545025354,-0.9167641558338299,0.9122079001467359,0.9363
0.10329603077461094,-0.70037778960659,0.9054588898437244,0.7838
0.21157545025354083,0.07529699910042852,0.15246586415586597,0.3298
0.12231159293582794,-0.5460886339121928,0.7666785777274372,0.6694
0.16825493967476832,-0.035160571851765555,0.38341789306808355,0.379
0.11496765168735792,-0.751417254896095,0.8257558018182934,0.8215
0.13048609896835112,-0.32898667713029994,0.6963859123093464,0.5201
0.1535670571778283,-0.7867854518355161,0.49645347815739654,0.8478
0.1499388004895961,-0.1421327661530323,0.5265292450717897,0.424
0.13310893512851898,-0.7658150321144626,0.673405029953204,0.8345
0.12043189368770764,-0.6882743934696405,0.7824166201712347,0.7793
0.0984437838783004,-0.8403633612192685,0.9316427629331206,0.8918
0.12803811855219444,-0.785549007378784,0.7177868359322167,0.8543
0.09525266655009618,-0.9162435507146623,0.9463135263875218,0.9354
0.13970973946494142,-0.4614129975662285,0.6148084349685915,0.6036
0.18062598356356005,0.27656891067130396,0.301681374131514,0.2619
0.13804860989683512,-0.25092605415535507,0.6296607328844358,0.4751
0.15614617940199335,0.041067605432012315,0.47560160203815965,0.3317
0.11859590837559014,-0.21489320431473882,0.797147228989414,0.4558
0.1552719006819374,-0.7766535666482638,0.4824181434567312,0.8388
0.18530337471585942,-0.547009051735524,0.27415857504001373,0.6673
0.1271201258961357,-0.7857139975924674,0.7256349096092684,0.8502
0.1291309669522644,-0.42120836517978094,0.7080658016145559,0.5731
0.08974471061374366,-0.9679074275450541,0.9668564023413208,0.9654
0.10867284490295506,-0.5778843622929991,0.8714142848442553,0.6849
0.09700122399020808,-0.6173258734234689,0.9384558433180226,0.7232
0.1814565483476132,1.7043245925587562,0.2964809616169261,0.0681
0.14027802063297778,-0.6788762838650222,0.610027512679689,0.7593
0.20488721804511278,0.2814173190654475,0.17846165158845714,0.2579
0.17905228186745933,0.10318914582039998,0.31135181897840164,0.325
0.2292795943346739,1.299691379899073,0.09813443998964896,0.0931
0.11155796467913971,-0.8192573767479185,0.850905242873817,0.8657
0.1456111208253191,-0.0290863844153537,0.5634682480059394,0.3675
0.1588564434341668,0.014246725725592978,0.4538471678116013,0.3516
0.1535670571778283,-0.5052247551746994,0.49645347815739654,0.6275
0.07864137086903304,-1.083177976855445,0.9910585119277385,0.9958
0.23417555516698724,1.4224294013332925,0.08632295704949643,0.0813
0.12598356356006296,-0.7690787210894099,0.7354918521626593,0.8361
0.16174156321035146,0.12084814096893066,0.43143298435778965,0.3186
0.16392726001049135,0.2056870863448003,0.4150606725514312,0.2868
0.18088826717957684,0.751423185326745,0.2998884720054497,0.1565
0.19951040391676866,0.6109641235985647,0.2014649992485442,0.1841
0.19207903479629307,0.5775519041727027,0.23745759642896355,0.1914
0.23347613219094246,1.7534104477240402,0.0879855501682503,0.0618
0.1325406539604826,-0.5667639536652888,0.6782071518340862,0.668
0.1474033922014338,0.14735324648007145,0.5481720630122019,0.3077
0.13966602552893861,-0.43953123665651606,0.6153191696894411,0.5876
0.1251529987760098,-0.5321816342704773,0.742569740961574,0.6477
0.2249956286063997,0.9652280485945149,0.10952239070325043,0.1297
0.1418517223290785,0.13615432765318328,0.5960085739752481,0.3098
0.14622311592935827,-0.1291399350586953,0.558266247411569,0.4137
0.1586815876901556,-0.4556507753721733,0.45522200765576437,0.5995
0.14067144605700296,-0.6029318982535038,0.6066036445592464,0.7044
0.1606487148102815,0.6602939003094144,0.43991036290738045,0.178
0.13131666375240428,-0.6849349783393974,0.6889776698018208,0.7687
0.16698723553068717,-0.1379021398078907,0.39248668078073523,0.4126
0.15282392026578073,-0.5798508756182835,0.5024559651710598,0.6824
0.143687707641196,-0.27030376416336854,0.5803447698033077,0.479
0.16187270501835985,0.35337796663295007,0.430503981201239,0.2423
0.1762108760272775,0.3758682793101595,0.3291743416910112,0.2349
0.12191816751180276,-0.6769527404741091,0.7700851836832237,0.7586
0.16620038468263681,0.5302626422454431,0.398127363007235,0.203
0.11190767616716209,-0.8584369234086051,0.848686057369267,0.9039
0.1457422626333275,0.08479860875924522,0.5622502161202813,0.3214
0.1364311942647316,-0.452465352687733,0.6438850253307358,0.5901
0.2331701346389229,1.0864532732631023,0.08866545248731872,0.1174
0.11710963455149502,-0.6355660832171404,0.8091151662841058,0.7346
0.12742612344815527,-0.7153061002232581,0.7228841206587294,0.7907
0.10067319461444309,-0.6978565833668808,0.9200454008273196,0.7825
0.14180800839307572,-0.2769817033610908,0.5965091714513494,0.4945
0.17577373666724952,0.4378713535530642,0.3320718780017279,0.2284
0.17297604476307046,-0.036650664705409904,0.3506076215312428,0.3709
0.16392726001049135,-0.1440534635372352,0.4150606725514312,0.4186
0.1724951914670397,0.41140145965649094,0.35393129814125357,0.2281
0.1952264381884945,0.4487532874402881,0.2217094421395518,0.2185
0.18630879524392377,0.568389509669539,0.26843956142842856,0.1945
0.2253890540304249,1.9015338239252657,0.10841314273332281,0.0523
0.09005070816576324,-0.9257392499972134,0.9660046966610122,0.9437
0.12921839482426997,-0.3931184018344582,0.7075928912986356,0.5603
0.1457859765693303,-0.3999578578327948,0.5620078001313875,0.5606
0.14482426997726874,-0.647536336264256,0.5702226033005833,0.7426
0.1325406539604826,-0.3400909280329326,0.6782071518340862,0.5174
0.19478929882846652,0.5913551090724799,0.22377704104766002,0.1903
0.1153610771113831,-0.5738992070785374,0.8227149070715392,0.6814
0.12720755376814127,-0.8216216395802142,0.7249293623389717,0.8768
0.10146004546249345,-0.7446094229421608,0.9157409491097722,0.8035
0.1609109984262983,0.08509468918831213,0.4379355596158587,0.329
0.12733869557614969,-0.9446901455314483,0.7236988159850786,0.9519
0.2162091274698374,0.1616909365344424,0.13635269057375288,0.2964
0.13944745584892465,-0.19780371636012556,0.6173571526649131,0.4457
0.21279944046161917,1.0623552428482088,0.1480677580066295,0.1187
0.09131841230984437,-0.8128778690632702,0.9617198555627384,0.8676
0.16003671970624234,-0.4576425544683108,0.4447664935064,0.5961
0.20007868508480503,1.3939977886440797,0.199100973309066,0.0842
0.18075712537156846,-0.1573793982051337,0.30071086647611717,0.4208
0.11496765168735792,-0.7555285620518728,0.8257558018182934,0.816
0.2427434866235356,2.9144456118309243,0.06850915897421889,0.0195
0.10867284490295506,-0.8830768150010392,0.8714142848442553,0.911
0.08073963979716733,-1.001808261781636,0.9880338514667064,0.9768
0.11863962231159293,-0.7968417675631149,0.7968731247686293,0.8553
0.18775135513201607,-0.08532744053133354,0.26048286501631085,0.3891
0.17114005945095295,-0.15067661977798824,0.36300596365758875,0.4172
0.16331526490645218,0.57154942576228,0.4195983008706362,0.1878
0.11286938275922365,-0.695921222562358,0.841594377365628,0.773
0.15251792271376113,-0.081523226018357,0.5050895060352321,0.3887
0.14451827242524917,-0.4359833388190364,0.5728275390170022,0.5852
0.1576324532260885,-0.3248383271525091,0.463525188014031,0.5142
0.11763420178352858,-0.8606709808090844,0.8047684037999342,0.9003
0.18106312292358803,0.6180549887583375,0.29895612131330707,0.1813
0.11999475432767967,-0.7254010255060458,0.7857750525935653,0.7994
0.2766655009617066,4.266444340128164,0.025245538428576925,0.0071
0.1609547123623011,-0.23761650316027955,0.4374972918319333,0.462
0.13765518447280994,-0.42671791523566943,0.6330806770540078,0.573
0.12816926036020282,0.25421101407802554,0.7164074451914855,0.2711
0.09774436090225563,-0.7972029797136665,0.9349500220357486,0.8526
0.14080258786501137,-0.7576146744244834,0.6053559733209727,0.8237
0.303374715859416,2.714011982811465,0.010432633737756474,0.0281
0.11387480328728798,-0.8298718421951758,0.833965126385334,0.8843
0.10845427522294107,-0.9574559674984042,0.8729741857441204,0.9569
0.1156233607273999,-0.6044903886845472,0.8207465247922665,0.7161
0.1589438713061724,-0.4804161518466883,0.45310542286845457,0.6128
0.15461619164189544,-0.7265615779272818,0.4877827399758957,0.8025
0.10688057352684036,-0.9196397598990037,0.8830915169822883,0.9348
0.16926036020283267,0.33233461955245003,0.37633985211563253,0.2426
0.17096520370694177,-0.04404866817875625,0.36426291376732123,0.3676
0.13227837034446582,-0.25034635542959455,0.6803937007896211,0.476
0.12318587165588389,-0.8388148488916494,0.7593782868981117,0.8953
0.29380136387480327,2.782238999190271,0.014467737871184662,0.0224
0.1384420353208603,-0.6712358578629702,0.6260889114688379,0.7544
0.09573351984612695,-1.0420041019850375,0.9442142993343102,0.9893
0.1817625458996328,-0.27743031502919796,0.2946854679612878,0.4806
0.07663052981290436,-1.0305473570708987,0.9933955354447258,0.9842
0.09866235355831439,-0.716812954324763,0.9306098347752871,0.7867
0.1589438713061724,-0.4937910179466829,0.45310542286845457,0.632
0.15282392026578073,-0.22350655083048765,0.5024559651710598,0.4673
0.12611470536807134,-0.6134178806416041,0.7342694171795634,0.7171
0.11855219443958734,-0.6501702532476785,0.7975705905635031,0.7382
0.12296730197586991,-0.6305639088672879,0.7611703326782333,0.7258
0.18853820598006646,-0.09281348185996229,0.2560542489667086,0.3988
0.10272774960657458,-0.8920701535516496,0.9086014023149283,0.9228
0.09494666899807659,-0.779424886589806,0.9477345096205295,0.842
0.2154659905577898,1.013156969009725,0.13884844684634978,0.1237
0.1399283091449554,-0.6184906508694381,0.6129412043593933,0.7144
0.23627382409512152,0.6089582460021048,0.08168220959860326,0.1851
0.2122311592935828,0.600865062534689,0.15016922456678025,0.1848
0.18853820598006646,0.7642072846568158,0.2560542489667086,0.1547
0.10771113831089352,-0.7708317767787662,0.8776387305924496,0.8427
0.1531736317538031,-0.5529672520331663,0.4995524189192087,0.67
0.15640846301801015,-0.3950054917959253,0.4733078371480864,0.5642
0.16904179052281867,-0.38712250722429775,0.3778474730360648,0.5484
0.1416768665850673,-0.5921079229868661,0.5978802968443442,0.6924
0.12235530687183074,-0.6363421527717419,0.7662233965862805,0.7194
0.17498688581919916,0.2502195256822588,0.3371512501889524,0.2718
0.19247246022031825,0.8382080219952713,0.2353362790079218,0.1514
0.21336772162965553,0.3464170928928715,0.14604915453985717,0.2413
0.08865186221367372,-0.9685158497098847,0.9703283219324463,0.9617
0.17883371218744537,0.3396379113630685,0.31267544415009163,0.2365
0.13769889840881272,-0.6669107760113614,0.6325860394525056,0.7594
0.10333974471061375,-0.8645957926424883,0.9051635876678307,0.9084
0.18906277321210002,0.420334925327589,0.2533067531013202,0.2254
0.09035670571778283,-0.8668704070126035,0.9649159721369949,0.9061
0.10701171533484875,-0.9150801596168362,0.8824314096905097,0.9365
0.18998076586815876,-0.2642116667690671,0.24842654335451148,0.4754
0.1474471061374366,0.24528826905307388,0.5477763511392816,0.267
0.10106662003846827,-0.9779599353462677,0.9181248473019868,0.9665
0.15024479804161567,0.7259931432878789,0.5241739957762139,0.1619
0.1156233607273999,-0.49005787977269255,0.8207465247922665,0.6251
0.147578247945445,-0.65739202796074,0.5467998789110974,0.7567
0.08891414582969051,-0.9829934746703818,0.9695330223301301,0.9687
0.1345952089526141,-0.6163071704879481,0.6600428740116739,0.7116
0.11479279594334674,-0.21957673469913574,0.8272026952659783,0.45
0.1891939150201084,0.7379644102313555,0.2526446572101961,0.158
0.1212624584717608,-0.16695124220802726,0.7752509385081788,0.4269
0.11335023605525442,-0.9544429492090006,0.8381595590704144,0.9566
0.21437314215771988,0.1948128641114058,0.14250389702846358,0.2822
0.18530337471585942,0.5927361032947968,0.27415857504001373,0.1966
0.19780556041265956,1.9308494325044634,0.20937411763062325,0.0506
0.23006644518272426,1.2190048757327412,0.09610515186515099,0.0979
0.10508830215072565,-0.8259959722350095,0.8945471180349559,0.8799
0.1399283091449554,-0.8925806689802697,0.6129412043593933,0.9255
0.132453226088477,-0.41230591526321164,0.6790915777049753,0.5664
0.08165763245322609,-0.7315797381260315,0.9865552648069332,0.8074
0.26066620038468263,2.3375396383277454,0.04106458273548467,0.0362
0.17752229410736142,1.0361729928350425,0.3208448268625708,0.1267
0.0740514075887393,-1.071292498376744,0.9956628816298824,0.9953
0.3326193390452876,4.06260602219657,0.003590971856403439,0.007
0.2520982689281343,3.644567723933397,0.05268274944333128,0.0113
0.16427697149851372,-0.2929793232832148,0.412509959679037,0.4944
0.21515999300577024,0.17300458352859105,0.13979747607810003,0.2945
0.17074663402692777,-0.07297817864572818,0.3658166092643798,0.3852
0.21883196363000523,1.959841676677356,0.12777425408613022,0.05
0.11907676167162091,-0.7692749586926879,0.793282413009466,0.8292
0.1043451652386781,-0.7864619551697094,0.899065578611784,0.8417
0.33808358104563735,6.682076790163644,0.0029080505524995085,0.0012
0.12375415282392027,-0.8303828430102878,0.7543712062727878,0.8802
0.11492393775135513,-0.6805708622877035,0.8260348310301736,0.7646
0.15212449728973595,0.156151851750218,0.5083989446111271,0.2956
0.17852771463542577,1.0027663273169254,0.31444475214987466,0.1259
0.16799265605875152,0.20531129789167138,0.3852160094725413,0.2812
0.1781780031474034,-0.0347516026959263,0.31684068368186846,0.3782
0.2817800314740339,1.9992280473482962,0.021463660692088556,0.0484
0.15352334324182548,-0.15612781236236825,0.49681860769739955,0.425
0.13350236055254416,-0.3849848599878328,0.6696025965221636,0.5567
0.21537856268578423,2.0728153365809887,0.13905269585330401,0.0473
0.15330477356181152,0.15118997049931496,0.4985814431492604,0.3031
0.2950253540828816,5.581713015351111,0.013884853166574151,0.0029
0.17428746284315438,-0.09113741575753537,0.34201339231345,0.3932
0.18976219618814477,0.7000785443176087,0.24949013118549374,0.1662
0.22512677041440812,1.6590581003410618,0.1092204800601462,0.0671
0.11090225563909774,-0.686894456819928,0.8560074259584516,0.766
0.15785102290610248,0.4659429366327755,0.4617647148082342,0.2144
0.11015911872705018,-0.45185255248141015,0.8609525442959532,0.5959
0.12484700122399021,-0.4671905983569523,0.7450618209923344,0.6062
0.21612169959783178,0.5561081823419614,0.13669901429418987,0.1964
0.14871481028151776,-0.19461880303628407,0.536874264557302,0.4422
0.2084280468613394,-0.14456574203948025,0.16433206204099532,0.4238
0.30949466689980765,4.173541446976397,0.008417637235492355,0.0089
0.24304948417555516,1.7975330082383454,0.0679832922151967,0.0586
0.14373142157719881,0.13952800158079587,0.5798368961521951,0.3023
0.11645392551145305,-0.738759362571307,0.8140105389224098,0.8186
0.1212624584717608,-0.7511333165002728,0.7752509385081788,0.8211
0.11863962231159293,-0.8635355072836258,0.7968731247686293,0.8976
0.2289298828466515,0.705627951271083,0.099068424246541,0.1683
0.18272425249169436,0.053118031228650324,0.28908323422996335,0.3373
0.20134638922888617,0.5128814509965114,0.19342713446719692,0.2111
0.12344815527190069,-0.6771949188432249,0.7570863469738872,0.7568
0.163140409162441,-0.4397291553647827,0.42098763378149373,0.5847
0.11457422626333275,-0.6118602699591512,0.828933186709062,0.7103
0.11138310893512852,-0.5747838055747375,0.8522651708825583,0.687
0.0850673194614443,-0.9608678944071808,0.979732416220044,0.9623
0.18075712537156846,-0.3676795176550013,0.30071086647611717,0.5445
0.2289298828466515,0.809294337152857,0.099068424246541,0.149
0.1453925511453051,-0.5281059476964232,0.5654222677533974,0.6495
0.09061898933379961,-0.682714238481585,0.9639525486550473,0.7688
0.12576499388004897,-0.622895278931521,0.7375310858870996,0.7245
0.11697849274348662,-0.8173161826452217,0.8103502347024857,0.8677
0.11776534359153698,-0.47957658899138167,0.8039267708337483,0.612
0.170484350410911,-0.042073280562733704,0.3677755005384516,0.3785
0.20510578772512678,-0.05024114118692172,0.17755946904378975,0.3755
0.0965640846301801,-0.6929644505486535,0.9404470857402273,0.7696
0.2597482077286239,2.753482699840236,0.042264329020700674,0.0236
0.10106662003846827,-0.9720414281636058,0.9181248473019868,0.9639
0.13695576149676517,0.09689186811538783,0.6390973008250411,0.3211
0.1816751180276272,0.35627094006759946,0.2952077490721738,0.2427
0.0965640846301801,-0.7972844681453213,0.9404470857402273,0.8553
0.32116628781255463,4.033496809391394,0.005524738122695184,0.0081
0.27854520020982687,2.0525101466623963,0.023786321728784175,0.0455
0.17507431369120477,-0.1891101970067634,0.33665052462970685,0.4451
0.13678090575275398,-0.7315592451133729,0.6409731585023674,0.805
0.151905927609722,0.18429425614088643,0.5101781905479129,0.2877
0.1081045637349187,-0.9803357482268092,0.8750297963412605,0.9696
0.11221367371918167,-0.6680504261748504,0.8464359099382276,0.7535
0.18853820598006646,0.7755840057237353,0.2560542489667086,0.1602
0.3188494492044064,4.957094426279952,0.006003821256086918,0.0043
0.15011365623360728,0.18053818822756587,0.5251062513408945,0.2839
0.18700821821996852,0.17087296329734347,0.2643719523915067,0.2934
0.13302150725651338,-0.59127385999138,0.6739143767038644,0.6913
0.16003671970624234,-0.20186359584961924,0.4447664935064,0.4427
0.08261933904528763,-0.9766860468039024,0.9848403606066939,0.9652
0.1343329253365973,-0.020814872137135544,0.6626000300282346,0.3655
0.11413708690330478,-0.4432923436936179,0.832057951293444,0.5956
0.13114180800839306,-0.6389928360512661,0.6903339909503898,0.7265
0.10430145130267529,-0.5774224979943872,0.8993707744965472,0.6842
0.24016436439937053,0.8325280565425273,0.07356614589422372,0.1452
0.17341318412309845,0.38684116826052256,0.3476118848418331,0.2333
0.18779506906801888,0.8862642170704612,0.26008958168649204,0.1361
0.20322608847700646,0.7701333484272023,0.18531652208780042,0.1571
0.11278195488721804,-0.8639568692821287,0.8419729969404591,0.908
0.14871481028151776,-0.3467128838141654,0.536874264557302,0.5311
0.12191816751180276,-0.5602355418503896,0.7700851836832237,0.6695
0.15063822346564085,-0.1654329273846298,0.5205959170015353,0.4328
0.1479279594334674,-0.6696146771826781,0.543576050278474,0.7595
0.2059800664451827,0.35538783630680065,0.17399673830734746,0.2445
0.16239727225039344,-0.3010063457355939,0.4264228044716826,0.5077
0.22036195139010317,2.408360993432713,0.12310695648277313,0.0344
0.17210176604301453,-0.5479707508855645,0.3565204497123154,0.6663
0.16554467564259487,0.910718758583694,0.4029747493330759,0.1364
0.17778457772337822,-0.16656604194713973,0.319154457908776,0.4274
0.1763857317712887,0.2682937408055995,0.3282072959478966,0.273
0.25441510753628255,1.9301896007630648,0.049354429983474,0.0546
0.28488372093023256,0.8974936205053873,0.019408389465504397,0.1377
0.21131316663752403,0.6295618361526997,0.15343112469973172,0.1808
0.16252841405840182,-0.5288717804267998,0.4254697018847639,0.6547
0.2027889491169785,2.264936546518427,0.18717029688162198,0.0433
0.18110683685959084,0.11954638713923395,0.2985472791846999,0.3129
0.2598356356006295,2.2093394865215843,0.042142802938872154,0.0423
0.2642944570729148,0.47048335554697157,0.03690956928565283,0.2136
0.14355656583318763,-0.5418629073628012,0.581341040628065,0.6634
0.16738066095471235,-0.5933861481543219,0.3897202384580764,0.6931
0.1606924287462843,-0.37014843221896665,0.43966895854910576,0.5436
0.15094422101766042,0.1678967122176391,0.518103438420989,0.2951
0.17503059975520197,0.17912408027334759,0.33678174935385713,0.2989
0.14180800839307572,-0.31726728678703386,0.5965091714513494,0.5117
0.14692253890540305,-0.5571894233297611,0.5522356570104878,0.6646
0.1668560937226788,-0.10860646373583285,0.3933972368098307,0.3967
0.2505245672320336,1.489619151076085,0.05515254930945021,0.0788
0.20055953838083582,0.16956155764690076,0.19686956360855937,0.2911
0.1779594334673894,-0.026466653752962956,0.318244080334045,0.3686
0.16029900332225913,-0.4441750194156626,0.44255910288540734,0.5926
0.08454275222941074,-0.8600273497523018,0.9808133735783312,0.8995
0.1419391502010841,-0.47009114691262843,0.5953701359594331,0.6034
0.1839045287637699,0.14413624677912376,0.28200595739201373,0.3129
0.08209477181325407,-1.0004199556918407,0.9857178820123746,0.9762
0.11518622136737192,-0.6235402643399541,0.8239239591462404,0.7161
0.15229935303374717,0.2860134815950839,0.5069229017507202,0.2634
0.1438188494492044,-0.6773793046310819,0.5789365181661327,0.7584
0.14801538730547298,-0.1361214938591562,0.542994929412497,0.4055
0.15439762196188145,-0.6316106984729133,0.4895191665296497,0.7309
0.13769889840881272,-0.3965378934346788,0.6325860394525056,0.5583
0.20724777058926386,-0.09308332048721785,0.16885664551530058,0.388
0.18228711313166637,0.813736327494195,0.2916147211369307,0.1468
0.15771988109809407,0.17072041764812265,0.462772506431176,0.2994
0.11155796467913971,-0.8384536756737635,0.850905242873817,0.8867
0.18731421577198812,0.44620691859232103,0.26274398146290695,0.2224
0.16174156321035146,-0.2726302227179569,0.43143298435778965,0.4926
0.12257387655184473,-0.476561430156863,0.7642305788055777,0.6073
0.2084280468613394,1.6232165349105157,0.16433206204099532,0.0669
0.11689106487148103,-0.7421545578259958,0.810760910234023,0.8136
0.19614443084455324,0.5674022163885419,0.21719564782611567,0.1892
0.17341318412309845,0.4806949688580322,0.3476118848418331,0.2022
0.1474033922014338,-0.041837393356580495,0.5481720630122019,0.3751
0.11496765168735792,-0.42870780997272157,0.8257558018182934,0.575
0.13503234831264208,-0.20332163650211646,0.656109543648653,0.4424
0.13227837034446582,-0.2787414071777491,0.6803937007896211,0.4858
0.14027802063297778,-0.041855579662028276,0.610027512679689,0.3651
0.17564259485924114,0.2775373606460273,0.33292921329271785,0.2548
0.2348312642070292,1.0692892683452635,0.08487074711512281,0.1201
0.10723028501486274,-0.9975714985535512,0.8811006596346617,0.9747
0.16392726001049135,-0.15170751136783286,0.4150606725514312,0.4181
0.14840881272949816,-0.44203895112123515,0.5395639661750453,0.5847
0.26744186046511625,1.6640078191754955,0.03354500912601038,0.0665
0.11877076411960133,-0.7961156614412922,0.7957258462505908,0.8517
0.13905403042489944,-0.4872435942179626,0.6207965928416576,0.6215
0.1589438713061724,0.0038202936752877647,0.45310542286845457,0.3596
0.12148102815177479,-0.7705509603199445,0.7735703721288493,0.8308
0.12943696450428396,-0.8652019969121346,0.7056778835863775,0.9057
0.1327155097044938,-0.6086266244311126,0.6767367007903283,0.7117
0.28488372093023256,2.014921628483461,0.019408389465504397,0.0504
0.28523343241825494,2.035654860917454,0.019196041535398105,0.0455
0.15479104738590663,-0.5659380709919205,0.48644824229819533,0.6774
0.1416768665850673,-0.6023180100486252,0.5978802968443442,0.7128
0.22447106137436615,0.04053879194228161,0.11107287514607722,0.338
0.16025528938625633,0.14959851910249586,0.44304571577575064,0.3026
0.11269452701521245,-0.5179464130584883,0.842693479062275,0.6361
0.13686833362475959,-0.17609727677181786,0.639999662519913,0.4465
0.13699947543276797,-0.5697860819204623,0.6389320221427957,0.6735
0.12899982514425598,-0.5030893296274486,0.709459519832303,0.6294
0.12191816751180276,-0.620216818049523,0.7700851836832237,0.7183
0.14333799615317364,-0.2797429167691805,0.5831977538035673,0.4922
0.1343766392726001,-0.5255223726212458,0.6620995295692398,0.6395
0.14434341668123798,-0.5216275584550338,0.5745641906778486,0.6507
0.08738415806959259,-0.7992781563351982,0.9739501740501465,0.8629
0.14224514775310368,-0.16729886902118543,0.5928693888915758,0.4332
0.2627207553768141,1.7040105714522005,0.038673396119378894,0.0649
0.15649589089001573,-0.19764509930510604,0.472544498436096,0.4484
0.14325056828116803,-0.3291131625576886,0.5839616899479066,0.5138
0.11518622136737192,-0.8657286285300075,0.8239239591462404,0.9038
0.14696625284140585,0.03419961606773536,0.5517325781227863,0.3416
0.17752229410736142,-0.4820800300372137,0.3208448268625708,0.6227
0.15461619164189544,0.27033359050831407,0.4877827399758957,0.273
0.14657282741738067,-0.07662028370620468,0.5553922156603905,0.3966
0.1344203532086029,-0.24497454506315888,0.6616331198054375,0.4693
0.1800139884595209,1.1646555002398749,0.3051311974766129,0.1109
0.1932155971323658,0.7237364752140959,0.23161118546539963,0.1657
0.1398845952089526,-0.014965991490828986,0.6134477108766987,0.3598
0.1874453575799965,0.5168331863280022,0.26197365917697546,0.2149
0.19798041615667075,2.905644521209448,0.20867333217369843,0.0205
0.2026578073089701,1.1848178635153543,0.18782340989979612,0.1079
0.1079734219269103,-0.9192729719024642,0.8760414766645902,0.9365
0.11033397447106137,-0.7382545891513095,0.8596241924222877,0.8109
0.2652124497289736,1.8422877235739754,0.035894729226833476,0.0551
0.17354432593110683,0.7106158045096888,0.3467316822580318,0.1658
0.1249781430319986,-0.7703876518453983,0.7439565910510159,0.8344
0.17148977093897536,-0.18909708388822602,0.3607979574992704,0.4471
0.08913271550970449,-0.7812484330163648,0.968815358799372,0.84
0.17883371218744537,-0.43057791488860137,0.31267544415009163,0.5753
0.16550096170659206,-0.3597009926704451,0.4034471628748453,0.5405
0.12292358803986711,0.0437034240633679,0.7615870317592074,0.3392
0.26731071865710787,2.6649701916384245,0.033707978228587086,0.0275
0.1571953138660605,0.22270381248930898,0.4670741944718903,0.2766
0.10740514075887393,-0.7544926258985176,0.87991903124326,0.8262
0.1759923063472635,0.0008957343076227225,0.33060576274310893,0.3532
0.17577373666724952,0.3214681944333656,0.3320718780017279,0.2549
0.13048609896835112,-0.7089880829249481,0.6963859123093464,0.7902
0.15706417205805212,-0.27649569796791407,0.46804022399282036,0.4924
0.2212799440461619,2.064307767954551,0.12023444660251364,0.0449
0.21524742087777585,0.9613207599098249,0.13957578636850468,0.1284
0.13389578597656934,-0.41087288271580774,0.6664321593177398,0.5728
0.19990382934079384,0.43315991949820304,0.19981866828057143,0.2263
0.18709564609197413,0.4701794352692509,0.26391288908663413,0.2106
0.1914233257562511,-0.16633217532460268,0.24091183162244365,0.4302
0.13096695226438188,-0.6081026409103931,0.691931890422819,0.7004
0.21148802238153525,2.069574340653815,0.15271296395801257,0.0443
0.21091974121349885,0.9767946840667893,0.1548580133406239,0.1296
0.17918342367546775,-0.10748060591052389,0.310576545580936,0.3952
0.15649589089001573,-0.2660680970885774,0.472544498436096,0.4799
0.11033397447106137,-0.6561147138272561,0.8596241924222877,0.7504
0.20479979017310718,0.6182115261167022,0.17872909312670632,0.1796
0.1116891064871481,-0.48125512488090166,0.8501634455671183,0.6122
0.18866934778807484,0.11052313349633595,0.2552966271124803,0.3182
0.2142420003497115,0.6183393430393281,0.1430268701824001,0.1814
0.2235530687183074,0.9232516470133849,0.11363878653146167,0.1337
0.19465815702045813,-0.1720043085825971,0.22447383757306627,0.4308
0.11343766392726001,-0.905777449679777,0.8373892347241512,0.929
0.14080258786501137,-0.7913023828391947,0.6053559733209727,0.8573
0.21157545025354083,0.7639795726570271,0.15246586415586597,0.1555
0.1499388004895961,-0.443118947289963,0.5265292450717897,0.5792
0.09328553942997027,-0.9423319694608161,0.9543638401696664,0.9483
0.124890715159993,-0.5328864413345701,0.7447652635903811,0.654
0.15649589089001573,-0.27426530303228414,0.472544498436096,0.485
0.10950340968700822,-0.7802756585163496,0.8656822951926086,0.8409
0.12620213324007692,-0.7192713747868547,0.7334571927581759,0.7937
0.1515125021856968,-0.42703149001945845,0.5134148774081164,0.5785
0.25284140584018183,0.13943643306590225,0.051642811375477785,0.3067
0.14338171008917644,-0.42505625208129794,0.5826863432076984,0.5818
0.12808183248819724,-0.3797402130406292,0.7173419528950629,0.54
0.24291834236754678,1.910130625301078,0.06821945784458062,0.0527
0.13949116978492743,-0.19613666596186866,0.6168464601214056,0.4428
0.25598880923238326,3.0673797469509605,0.04711026988990726,0.0187
0.19076761671620912,1.083936830817297,0.2441588227026573,0.1179
0.090968700821822,-0.6218296615394209,0.9628025100307214,0.7171
0.09949291834236755,-0.9910847779126856,0.9262288272211469,0.9731
0.2006469662528414,0.07455079234611674,0.19654100399846317,0.3326
0.13783004021682113,0.07625462481890315,0.6315890418267093,0.3268
0.14259485924112608,-0.4559101293344052,0.5895928533468895,0.6081
0.21738940374191293,1.6250221109217018,0.13240205764410776,0.0705
0.1441685609372268,-0.5660655659794152,0.5760217131605956,0.6855
0.128781255464242,-0.41867615434636635,0.7112942775741247,0.5806
0.14084630180101415,-0.11031328624961985,0.6048537148806986,0.404
0.29179052281867457,1.7782998611963263,0.015474842483644608,0.0574
0.1291309669522644,-0.9978404561632997,0.7080658016145559,0.9757
0.19408987585242174,0.7491456185438516,0.22738688693552508,0.1541
0.10924112607099143,-0.49876265760657607,0.8674190641277952,0.6282
0.10578772512677041,-0.8560334533062499,0.8902676068710209,0.8943
0.2727749606574576,1.3235790380212924,0.02849802366001736,0.0882
0.18906277321210002,-0.013697654093275363,0.2533067531013202,0.3744
0.1384420353208603,-0.655000003277821,0.6260889114688379,0.7513
0.12082531911173282,-0.23931991712407974,0.7789543915641886,0.4707
0.12419129218394824,-0.6026199400576563,0.7508082536922034,0.701
0.19286588564434343,0.163713864528345,0.23351657233397607,0.2982
0.19387130617240778,0.7273668089003988,0.2284840321800655,0.1702
0.143687707641196,-0.4834791705387649,0.5803447698033077,0.623
0.16746808882671796,0.9248277131117287,0.38887383157449373,0.1373
0.10661828991082357,-0.8506297741254745,0.8847306050700037,0.8971
0.13328379087253017,0.01892227412558309,0.6715412885446606,0.3429
0.15225563909774437,-0.4352866694900548,0.5074259008914518,0.5788
0.12148102815177479,-0.159370303263662,0.7735703721288493,0.4198
0.21135688057352683,1.438923358603939,0.1532686606701639,0.0815
0.17673544325931106,-0.34706549706837797,0.3260395730502786,0.5274
0.2766655009617066,2.891931684987236,0.025245538428576925,0.0221
0.19221017660430145,0.39481189842075737,0.23673568521945557,0.2292
0.10198461269452702,-0.9625995473745815,0.9127719073269394,0.959
0.14893337996153175,-0.5630488725999616,0.5350025673329486,0.6748
0.10377688407064171,-0.9920017474226218,0.9025749469317471,0.9734
0.12899982514425598,-0.49400733074198094,0.709459519832303,0.631
0.09783178877426124,-0.857057897691618,0.9345020490903517,0.8964
0.12467214547997901,-0.7268513002418219,0.74668697115645,0.7941
0.11702220667948943,-0.5118255807746093,0.8099339712910422,0.6294
0.22814303199860114,0.602357693108382,0.10112287106017502,0.1856
0.12008218219968526,-0.7973232626925287,0.7849917477738096,0.8552
0.13175380311243223,0.06593208971075697,0.6851732541572909,0.3271
0.1269015562161217,-0.2948828205438846,0.7275033662575819,0.4946
0.1344203532086029,-0.5320606603474555,0.6616331198054375,0.6526
0.12930582269627558,-0.505324895383905,0.7066624805040533,0.6381
0.1398845952089526,-0.4227245640528476,0.6134477108766987,0.5711
0.19378387830040217,0.49510765691517394,0.22880485015920865,0.2061
0.16585067319461444,-0.48501023612982264,0.4006992383067749,0.6164
0.1286501136562336,-0.5563129469060909,0.7122482040022869,0.6693
0.1419391502010841,-0.3882793905477466,0.5953701359594331,0.5559
0.10539429970274523,-0.6453945528803161,0.8924860220909708,0.7394
0.23067844028676343,0.397139106466828,0.09467997632875719,0.2338
0.1759923063472635,-0.4444483335694117,0.33060576274310893,0.6005
0.29179052281867457,3.147695303119593,0.015474842483644608,0.0155
0.1305735268403567,-0.8112724044616124,0.6954690242854318,0.8615
0.17830914495541178,0.0971430299682662,0.3158330233226215,0.3148
0.09140584018184997,-1.028849289864199,0.9613727276199593,0.9835
0.1192516174156321,-0.7184994308309319,0.7919883166359891,0.7888
0.14517398146529115,0.1190438334563149,0.5673255098183834,0.3109
0.10954712362301101,-0.8398601482283969,0.8653161346634933,0.8846
0.14102115754502537,-0.4129485191475479,0.603578950281153,0.5693
0.1270326980241301,-0.7044854747872048,0.7265011726205076,0.782
0.19286588564434343,1.5740350463895116,0.23351657233397607,0.0703
0.18998076586815876,0.4117897428579101,0.24842654335451148,0.2281
0.15990557789823395,-0.1552076733919789,0.445640020183854,0.4313
0.18661479279594334,-0.3429846523610597,0.266705953935953,0.5258
0.11955761496765169,-0.7387342968013526,0.7894398250368204,0.8087
0.12974296205630356,0.054019485237777394,0.7026654921797657,0.3322
0.21524742087777585,1.394940392332284,0.13957578636850468,0.0822
0.2004721105088302,0.6468369615277885,0.1972035142675049,0.1762
0.14902080783353733,-0.5370291523482792,0.5345066774523253,0.6572
0.12344815527190069,-0.8956319869907292,0.7570863469738872,0.9214
0.12733869557614969,-0.606474541021537,0.7236988159850786,0.708
0.18150026228361602,-0.5498048161698191,0.2963781555014827,0.6677
0.12677041440811332,-0.6088354003616242,0.7288788687044466,0.7073
0.09442210176604302,-0.8617620001109089,0.9496436168138469,0.9037
0.16773037244273475,-0.18635940727264086,0.38710443382823695,0.4429
0.0872093023255814,-0.8825402167483404,0.9743415382119079,0.914
0.17852771463542577,0.6382176310110037,0.31444475214987466,0.179
0.19286588564434343,0.09289773023018091,0.23351657233397607,0.3333
0.15924986885819198,-0.28715879674168904,0.450853973419243,0.4975
0.1474033922014338,-0.6114968236193125,0.5481720630122019,0.7104
0.1626158419304074,-0.5762209099677684,0.4247622114764336,0.6804
0.19964154572477705,-0.2748752859058935,0.20105529306627964,0.484
0.1381797517048435,-0.19900841002998154,0.628291204667306,0.4507
0.10368945619863612,-0.7292545018829641,0.9030577556534787,0.7993
0.15649589089001573,0.01267313991038934,0.472544498436096,0.35
0.16248470012239902,0.4361907414644097,0.42595276570196594,0.2282
0.11050883021507256,-0.8944496568672565,0.8585643258633882,0.9237
0.19054904703619513,0.41810064530956564,0.24532090332118378,0.2306
0.17144605700297255,1.0611317764924444,0.36086200644775135,0.1175
0.12576499388004897,-0.3347007919259065,0.7375310858870996,0.5189
0.09411610421402343,-0.685053303663685,0.9510117075062173,0.772
0.23404441335897885,1.0554252768292138,0.08667926203693017,0.1176
0.17183948242699773,-0.25441357478205817,0.3584947448464841,0.4729
0.20121524742087776,0.7820759400778718,0.19408983184261874,0.151
0.1821996852596608,0.2117700264749979,0.29202136157394026,0.287
0.16379611820248297,-0.4472892807659795,0.41584074858383996,0.5921
0.11300052456723203,-0.6025112988607543,0.8404627289333404,0.7072
0.20007868508480503,1.59329460835275,0.199100973309066,0.0696
0.1511627906976744,-0.4983884503080756,0.5162632649769375,0.6217
0.14679139709739464,0.16711738996953018,0.5534552781224754,0.2937
0.13122923588039867,-0.5887190371484013,0.6898605194378147,0.6919
0.1610858541703095,0.14723766565383373,0.4365418173153313,0.2981
0.21647141108585416,2.1117878296858965,0.13547896267946608,0.0405
0.20899632802937576,0.3914974748396794,0.16213381257247186,0.2293
0.18853820598006646,-0.1753769221284061,0.2560542489667086,0.4358
0.303811855219444,3.6948634398668427,0.010283512231228252,0.0114
0.10832313341493269,-1.010248943241095,0.8736618998212581,0.9798
0.1984612694527015,0.383931436547139,0.20632520877123145,0.2415
0.15216821122573876,0.03879354509595789,0.5079076722934852,0.3335
0.15050708165763246,0.22556504388394608,0.5217832521333208,0.2737
0.2082531911173282,1.5637635537757182,0.16487677046683524,0.0681
0.1212624584717608,-0.706650814336395,0.7752509385081788,0.7837
0.1552719006819374,-0.2052885266234738,0.4824181434567312,0.453
0.1798391327155097,0.7725116375121142,0.3064257469738342,0.1572
0.21467913970973945,-0.08732158021759491,0.1415756354737392,0.3883
0.25061199510403914,1.1674743653100261,0.05502974516596742,0.1116
0.155140758873929,0.3231059915875579,0.4836925772876927,0.2543
0.1589438713061724,-0.4671266638004763,0.45310542286845457,0.6051
0.09018184997377164,-0.9206882152999011,0.9655252094284134,0.9365
0.13957859765693303,-0.627350476921727,0.6161062040377351,0.7197
0.18298653610771115,-0.1991273429534308,0.2874206270082303,0.4435
0.15881272949816402,-0.43051938768506054,0.4543399287802843,0.5767
0.1984612694527015,0.27896492318079985,0.20632520877123145,0.2677
0.15439762196188145,0.34017735165768587,0.4895191665296497,0.2454
0.08878300402168211,-0.30254882238581077,0.9698938566078895,0.5006
0.12091274698373841,-0.8261084934023901,0.7784055526038993,0.878
0.24663402692778458,2.5862860698591854,0.06152398366194786,0.0288
0.2976919041790523,3.140174763293074,0.01269034836993544,0.0189
0.1270764119601329,-0.6427473034532214,0.7260501165266057,0.7365
0.2027452351809757,0.12183712783811926,0.18736477471441382,0.312
0.14137086903304774,-0.8709704594491482,0.6002928117123311,0.9074
0.12633327504808534,-0.8501612825562176,0.7325219231339749,0.8976
0.17284490295506208,0.25991584854202676,0.35162515698573527,0.2741
0.18845077810806085,2.0631315789266513,0.25644501817290244,0.0468
0.1609547123623011,1.2099971519918629,0.4374972918319333,0.0982
0.166593810106662,-0.12817182034278668,0.39538991085634795,0.4153
0.11077111383108935,-0.8693515138944888,0.8567386009361011,0.8986
0.3183685959083756,3.040928017005061,0.00611735508128126,0.0181
0.10731771288686834,-0.8752711628402042,0.880429783464251,0.9155
0.16392726001049135,0.16821833130618985,0.4150606725514312,0.291
0.15645217695401295,-0.017740835636893784,0.47287846789306215,0.3637
0.1613918517223291,-0.466030030593518,0.4340976699603957,0.6026
0.14722853645742262,-0.6024511709718793,0.5496691989610806,0.7005
0.1080171358629131,-0.9638324076467547,0.8757010489449059,0.9584
0.1061374366147928,-0.7855133856919735,0.8880082071407877,0.8451
0.15251792271376113,-0.3631253076814309,0.5050895060352321,0.5382
0.11479279594334674,-0.8629250418654206,0.8272026952659783,0.9062
0.15431019408987584,-0.12190213819666493,0.490191959490769,0.4114
0.11300052456723203,-0.9660947129251067,0.8404627289333404,0.9621
0.1476219618814478,0.2431928807237122,0.5462906481939945,0.2765
0.19277845777233782,0.4625532108841801,0.2338585534738056,0.213
0.16563210351460045,0.03821746739030705,0.4023232441921657,0.3473
0.10945969575100542,-0.8381534421614887,0.866022404287096,0.8876
0.13376464416856093,-0.572606169258931,0.6674156146448773,0.6765
0.15592760972197936,-0.9186438005070733,0.47738770498082655,0.9377
0.16502010841056128,0.21616049947278135,0.40673204852110917,0.2852
0.09918692079034797,-0.6965586607099373,0.9277328176233091,0.7906
0.12462843154397622,-0.7661302270396757,0.7470997943917728,0.834
0.2600542052806435,2.8323534064494265,0.041865116885459165,0.0239
0.1061374366147928,-0.31184804567988883,0.8880082071407877,0.5117
0.16974121349886342,-0.040392940824843585,0.37277660683062325,0.3822
0.0719094247246022,-1.1127137254947526,0.9970352076443773,0.9987
0.11496765168735792,-0.6862275698817218,0.8257558018182934,0.7592
0.2635513201608673,3.6553545523385247,0.03771011183653672,0.0114
0.15439762196188145,-0.6044610270554104,0.4895191665296497,0.7059
0.12926210876027278,-0.7031358929110497,0.7071100174376038,0.7894
0.12559013813603778,-0.6069691930397206,0.7389564863077186,0.7014
0.16427697149851372,0.047133949329903044,0.412509959679037,0.3385
0.13966602552893861,-0.3935340190867614,0.6153191696894411,0.5545
0.10832313341493269,-0.7248703629443398,0.8736618998212581,0.7995
0.2117065920615492,0.440694838333252,0.15191179741345678,0.2213
0.21664626682986537,1.329709369281286,0.13481107596672887,0.0856
0.16655009617065922,0.83695590973357,0.3954808198299585,0.1469
0.16230984437838783,-0.1401742587168055,0.4271755051153927,0.4184
0.11295681063122924,-0.9061745718924571,0.8408569636256423,0.9293
0.1987672670047211,0.3106765137192016,0.20508169758550038,0.2535
0.1762545899632803,0.19346256015100324,0.32881113489558156,0.2916
0.15216821122573876,-0.6252082204899868,0.5079076722934852,0.7188
0.12069417730372443,-0.3009038518974746,0.7802485808115159,0.5035
0.13380835810456373,-0.5214737191510284,0.6669150438794575,0.6463
0.18206854345165238,0.06350564988519705,0.29294150296441557,0.3306
0.2527539779681763,1.5540642709375572,0.05174444169419785,0.0736
0.12012589613568805,-0.8773317778557296,0.7845472193274587,0.9116
0.14434341668123798,-0.5885038376132578,0.5745641906778486,0.6921
0.2219356530862039,1.1289332382045782,0.11833175023495915,0.1097
0.14080258786501137,-0.24078856666553075,0.6053559733209727,0.4719
0.200734394124847,1.3039620487565948,0.195987860459482,0.0959
0.15216821122573876,-0.32534064719196326,0.5079076722934852,0.5139
0.17131491519496417,-0.0494422642532947,0.3618443239505377,0.3692
0.1498513726175905,-0.051403374090859925,0.5273906742894885,0.3745
0.1268141283441161,-0.2865028943059239,0.7284059161637991,0.502
0.14460570029725475,-0.3053310872395069,0.5720650616073588,0.5055
0.2818674593460395,5.42577263449732,0.021391803706658375,0.0017
0.16773037244273475,-0.04927481236405366,0.38710443382823695,0.3705
0.23225214198286415,1.0197307341342408,0.09086594251296287,0.1302
0.2509617065920616,1.8789087518703291,0.05449206302704791,0.0581
0.13883546074488548,-0.623908125007477,0.6227153413833858,0.7147
0.1251967127120126,-0.9667051016088524,0.7421718333945392,0.9633
0.24873229585591886,0.8921554350972625,0.05804526112326935,0.1452
0.15706417205805212,-0.22446164168407098,0.46804022399282036,0.4519
0.13197237279244622,-0.5048446822847628,0.6832355388579465,0.6371
0.136125196712712,-0.2695904709733779,0.6466890851111589,0.4904
0.1420265780730897,-0.2281044308426824,0.5946388445967493,0.4661
0.1400594509529638,-0.1410782513433308,0.6119450879514754,0.4132
0.11033397447106137,-0.8533407921156051,0.8596241924222877,0.8979
0.1439499912572128,0.12470128498083105,0.5779314745338958,0.3116
0.14093372967301976,-0.40371315849732436,0.6040647297043151,0.55
0.20396922538905404,0.37517433759634056,0.18218776510479381,0.2482
0.22447106137436615,1.9618789783749728,0.11107287514607722,0.0497
0.10919741213498864,-0.7742242184609044,0.8677706511665572,0.8349
0.11155796467913971,-0.8626989971485263,0.850905242873817,0.9049
0.19924812030075187,0.884978295508653,0.2027084583119529,0.1354
0.1023780381185522,-0.4345466624837295,0.9107636560963548,0.5765
0.16633152649064523,0.9450522903967317,0.39699221941149904,0.1321
0.09512152474208778,-0.722417745082291,0.9468930618918378,0.7993
0.1403654485049834,-0.4531714445628437,0.6091134216092926,0.5952
0.12580870781605175,-0.8862751935646411,0.7370605929537604,0.9183
0.09228011890190593,-0.9866183599363216,0.9582689933775215,0.9723
0.13105438013638748,-0.47061117455217305,0.6911614774334097,0.606
0.14906452176954013,-0.3247864786914265,0.5339971670292559,0.519
0.12148102815177479,0.11566229031396685,0.7735703721288493,0.3097
0.11335023605525442,0.07542671876052605,0.8381595590704144,0.3241
0.2846651512502186,1.6506581472728123,0.019549994687644488,0.0694
0.10867284490295506,-0.9438674021652486,0.8714142848442553,0.9524
0.15260535058576674,-0.29295124974455283,0.5042456814684962,0.4985
0.15872530162615842,-0.4148245207066867,0.45481935558772774,0.5694
0.12200559538380835,-0.8178067998919482,0.7692161136454851,0.867
0.14049659031299178,-0.13799423976336414,0.608104123488649,0.4202
0.2009966777408638,0.5476555559463758,0.19501912594907292,0.1934
0.2509617065920616,0.9857429605849379,0.05449206302704791,0.1248
0.13227837034446582,-0.43449773137769204,0.6803937007896211,0.5744
0.11457422626333275,-0.6845665029200922,0.828933186709062,0.7693
0.11820248295156496,-0.8709647193203233,0.800609839806611,0.9076
0.11780905752753978,-0.8400447301084942,0.8035070524333596,0.8884
0.10089176429445708,-0.7541888851837625,0.9189734264793253,0.8204
0.181937401643644,-0.18399935107753052,0.2936299119017618,0.44
0.1647141108585417,-0.5477585358695825,0.40926609858336643,0.6675
0.09013813603776884,-0.71652244640516,0.9656906171828297,0.8004
0.19286588564434343,0.023769949729526674,0.23351657233397607,0.3419
0.18031998601154048,-0.1865188061517166,0.30342182914377774,0.4458
0.3326193390452876,10.360223206808072,0.003590971856403439,0.0001
0.10255289386256339,-0.672829752174554,0.909710977587838,0.7608
0.17830914495541178,0.11558011115843207,0.3158330233226215,0.305
0.1681675118027627,-0.12716161413871815,0.3841562385483217,0.4136
0.16738066095471235,-0.35808894248692213,0.3897202384580764,0.5464
0.11330652211925162,-0.6694412026870844,0.8385476808699576,0.7444
0.16147927959433467,-0.5774643888084611,0.43360378399405985,0.6865
0.1626158419304074,-0.2460322822258969,0.4247622114764336,0.4668
0.14360027976919043,-0.42647604377620757,0.5808356697374666,0.5774
0.19277845777233782,1.0287783769465895,0.2338585534738056,0.1212
0.14906452176954013,-0.13987880266106742,0.5339971670292559,0.4135
0.17564259485924114,-0.005295624304248506,0.33292921329271785,0.3588
0.12200559538380835,-0.7379886661471206,0.7692161136454851,0.8077
0.24558489246371742,3.011818455794913,0.06335720583691173,0.0179
0.18840706417205805,0.37839547292623665,0.2568213851370116,0.2362
0.10111033397447106,-0.8884483623744343,0.9178521620663475,0.9176
0.24881972372792446,3.135275835031463,0.057891870659875166,0.0178
0.12292358803986711,-0.615432230327888,0.7615870317592074,0.7123
0.16777408637873753,1.3376466673333929,0.386641392583446,0.0908
0.1253715684560238,-0.42252775519759733,0.7407776278158251,0.5832
0.17354432593110683,0.3325634140912726,0.3467316822580318,0.2432
0.20921489770938975,0.7306212226314167,0.16128243236549805,0.1581
0.16335897884245498,-0.3657698357452891,0.41929336410859536,0.5478
0.16926036020283267,-0.17910634659613256,0.37633985211563253,0.4342
0.16327155097044938,-0.4933042705307496,0.4200788187260615,0.6264
0.11151425074313691,-0.8929071746444599,0.8512848421710874,0.9181
0.14679139709739464,-0.5179572718259441,0.5534552781224754,0.645
0.09407239027802063,-0.8528235024557641,0.9512106629713967,0.8986
0.2022206679489421,1.0356997768732366,0.18967698033805291,0.1188
0.121000174855744,-0.3974560389953282,0.7775746262905853,0.5535
0.15260535058576674,0.40067407809319827,0.5042456814684962,0.2305
0.22591362126245848,0.5232754153097624,0.10707198983322416,0.2033
0.10889141458296905,-0.9086656003342772,0.8697587388610334,0.9344
0.21660255289386257,0.4300061165456975,0.13496605222255575,0.2226
0.14403741912921839,-0.5203206717898107,0.577031812488865,0.6411
0.19732470711662878,0.16362565844776106,0.21174238049127622,0.2977
0.14696625284140585,-0.05219369011760755,0.5517325781227863,0.3781
0.11907676167162091,-0.8779409003561987,0.793282413009466,0.9135
0.17153348487497813,0.09417626566998986,0.36035971343478373,0.312
0.18119426473159644,0.044272933060525856,0.29809714232453766,0.338
0.10176604301451303,-0.9367486459796667,0.913888695154161,0.9504
0.1783965728274174,-0.4341088303412148,0.3154176711697864,0.5805
0.10019234131841231,-0.9042869322717288,0.9226177916916666,0.9332
0.18088826717957684,0.05529273704693158,0.2998884720054497,0.3299
0.15212449728973595,-0.20441736899037594,0.5083989446111271,0.4507
0.13227837034446582,-0.11505970147352564,0.6803937007896211,0.3973
0.11951390103164888,-0.6811143527055168,0.7898735413404121,0.7641
0.1798391327155097,-0.02325748226753636,0.3064257469738342,0.3591
0.17656058751529988,0.40603640636126265,0.32696854925134533,0.23
0.15903129917817801,-0.14098662714075097,0.4525979911255864,0.418
0.21926910299003322,0.1270480800734063,0.12641653870761715,0.3079
0.17830914495541178,0.40891729014881123,0.3158330233226215,0.2298
0.14666025528938625,0.06537120260895059,0.5544219584435853,0.3321
0.19841755551669873,0.4041214992469765,0.20664110512586828,0.2307
0.10006119951040392,-0.9496898803484364,0.9234108221713865,0.9527
0.20108410561286938,0.268922142965465,0.1946554999506605,0.2695
0.19212274873229584,0.2552112915607399,0.23709774947917733,0.2683
0.12541528239202657,-0.8104791416269145,0.7403538887487097,0.8664
0.15553418429795418,0.3710472090517298,0.48024124399459783,0.2346
0.25703794369645044,1.9193618832035655,0.0457051487698899,0.057
0.13726175904878476,-0.8429952480911868,0.6363694550121957,0.887
0.18123797866759922,1.6235980721925307,0.2976816622047884,0.0716
0.22783703444658157,2.528744693330696,0.10182772302255527,0.029
0.15229935303374717,0.3610644026778743,0.5069229017507202,0.2424
0.09739464941423326,-0.8196952192110354,0.936782589747188,0.8745
0.17852771463542577,-0.24921465467566348,0.31444475214987466,0.4736
0.17009092498688583,0.5679902710898158,0.3703272683372313,0.1944
0.11518622136737192,-0.7301542264800596,0.8239239591462404,0.8119
0.20987060674943173,0.8202255741582545,0.15882402476356206,0.1505
0.07868508480503585,-1.0367851172166482,0.9909978784366409,0.9889
0.15824444833012766,0.497521767915332,0.4587947463548575,0.1994
0.16047385906627032,-0.22072378231856146,0.44132582927198727,0.4511
0.1759923063472635,0.24579940032046294,0.33060576274310893,0.2719
0.1286938275922364,-0.21019764285032674,0.7117607487222473,0.4501
0.16405840181849973,-0.1822633158518781,0.4139946205510714,0.4413
0.1323657982164714,-0.32026194339754743,0.6795679305941433,0.5134
0.08803986710963455,-0.626464051491604,0.972010366726942,0.7203
0.13564434341668125,-0.49693838643082894,0.6508159424813222,0.6303
0.16436439937051933,-0.572190469005298,0.41181947022622845,0.6815
0.12379786675992306,-0.12080607241293205,0.7539055104039016,0.4104
0.11833362475957335,-0.9193490957998766,0.7993520677155492,0.9374
0.1453925511453051,-0.8155017286560585,0.5654222677533974,0.8662
0.25109284840006996,1.9626921075397503,0.054227990611258124,0.0516
0.16082357055429272,-0.04206942769465685,0.43874322650349024,0.3698
0.1876639272600105,0.5073447242560889,0.26083325518387074,0.2092
0.20230809582094772,-0.008701290987675204,0.18932132317566175,0.3543
0.21454799790173107,1.424077494531602,0.14202037753305313,0.0806
0.14145829690505332,-0.31202427525453424,0.5997980131251084,0.5118
0.12961182024829515,-0.44635677285329006,0.7038407105478195,0.5986
0.12266130442385033,-0.5155074635865166,0.7637891231984237,0.6353
0.1479279594334674,-0.6580025947167977,0.543576050278474,0.7458
0.12851897184822522,-0.27743901505623764,0.7133556918297722,0.4816
0.1761671620912747,-0.2712097722116919,0.32960396117650537,0.4839
0.21135688057352683,0.9030198963271805,0.1532686606701639,0.1394
0.16541353383458646,-0.26819950493295136,0.4038803775622102,0.4891
0.12471585941598182,-0.45460161703018737,0.7462291842385808,0.606
0.11431194264731596,-0.6563635930828764,0.8309016698458384,0.7421
0.10215946843853821,-0.7734677239796178,0.9119320416929074,0.8447
0.14714110858541704,-0.4691126391485245,0.5505081386261734,0.6007
0.15994929183423676,-0.22792669014236652,0.44524296101822664,0.4599
0.16794894212274875,0.005270244867586313,0.38568113579321467,0.3538
0.1098531211750306,-0.9062590586132566,0.8633675531186028,0.9321
0.25218569680013986,2.3020464567325165,0.052624663930662306,0.0383
0.11942647315964329,-0.847877615362806,0.7907188438435422,0.8953
0.1459608323133415,0.27624728680141786,0.5605084039049121,0.2723
0.1457422626333275,0.13366070543097802,0.5622502161202813,0.3043
0.1837733869557615,0.900240238804609,0.2827635076000954,0.1361
0.23404441335897885,1.0763897244770417,0.08667926203693017,0.1147
0.19833012764469313,0.07011886908304837,0.20698737123161706,0.3314
0.1988546948767267,0.09698266973403491,0.20464454603555635,0.3149
0.1569767441860465,0.8854080367173165,0.4687856440018074,0.1435
0.18888791746808883,-0.3113140335436925,0.2541787168144999,0.4972
0.19269102990033224,0.7916854176207724,0.23426368950069665,0.1537
0.22879874103864312,1.3453240662565404,0.09941021419009534,0.0861
0.11085854170309495,-0.6082652181283641,0.8563748777496882,0.708
0.12821297429620562,-0.8007427835220744,0.7163559228807297,0.8605
0.23793495366322784,1.3386841971596621,0.0781351143985041,0.0912
0.147578247945445,-0.3208284464552858,0.5467998789110974,0.5114
0.09866235355831439,-0.664227366171006,0.9306098347752871,0.7546
0.13769889840881272,0.074396496262556,0.6325860394525056,0.3247
0.19640671446057004,0.9326208476970198,0.21608470541033217,0.1335
0.23456898059101242,0.36856577333088436,0.08545310693399312,0.243
0.1003234831264207,-0.7641211481312399,0.9218596204982331,0.8347
0.08038992830914496,-1.0654232682924394,0.9886223593186517,0.9937
0.16335897884245498,-0.21096822308054533,0.41929336410859536,0.4492
0.09634551495016612,-0.5810091902910132,0.9415161504015668,0.6882
0.11697849274348662,-0.9272952386881639,0.8103502347024857,0.9456
0.18639622311592935,-0.31246332455082676,0.2679633956771445,0.506
0.1496328029375765,-0.2145029332171576,0.5291972812359993,0.4616
0.13201608672844903,-0.7079754646477855,0.682821278195091,0.7893
0.22814303199860114,0.6806040220174726,0.10112287106017502,0.1738
0.17148977093897536,-0.08737344158664709,0.3607979574992704,0.3917
0.12729498164014688,-0.515111290319585,0.7239922440734272,0.6417
0.14547997901731072,-0.8342636146347974,0.5645797452465825,0.8821
0.21668998076586815,0.011806068610876692,0.134768748534882,0.3561
0.16799265605875152,0.6694682963555789,0.3852160094725413,0.177
0.12637698898408814,-0.42432307061920116,0.7320540708293662,0.5765
0.09796293058226963,-0.9455523832191935,0.9338085554177807,0.9522
0.16799265605875152,0.9460416416175385,0.3852160094725413,0.1306
0.08563560062948068,-0.990058403886762,0.9783200276353289,0.9728
0.15374191292183947,-0.6244501590814732,0.494999728575306,0.7181
0.13324007693652737,-0.8693847211152986,0.6720296903505126,0.9013
0.2329515649589089,1.5612157277428906,0.08915862622923369,0.0721
0.21279944046161917,-0.08289429402953308,0.1480677580066295,0.3862
0.16008043364224514,-0.4059957540219123,0.44427678678636123,0.566
0.1383546074488547,-0.4820684649117845,0.6268824010245311,0.6137
0.13166637524042665,-0.7732100899066519,0.6861157775497748,0.8369
